Fui comprar cue* e a atendente � minha ex-aluna. SOCORRO!!!!;;;;;;
Came in for your money, then left with all your hoes;;;;;;
Indo para casa. Adeus site lindo;;;;;;
please follow me. please follow me. please follow me. please follow me. please follow me. please follow me.  please follow me @justinbieber;;;;;;
?????? ?? ???????...???...??????:3 ???????,??? @_twitot_   , @natasha_kazhuro  ?????? ????:) ? ????? ? @Mer4ik95 :);;;;;;
I'm at NZ Garden Cafe (Kuala Lumpur, WP Kuala Lumpur) w/ 8 others http://t.co/SO6cWsiy;;;;;;
Mom is getting her nails done and I'm  sitting here wondering why my nose is itching so much. #itchy;;;;;;
Never been trolled so hard.... Twilight haha :);;;;;;
Everywere �� http://t.co/7ScTaOx4;;;;;;
Hace 7 a?os que no cojo el #metrobarcelona, y ya hab�a olvidado la gente m�s rara que lo usa!!!!! Jajajjaja no @PauGlan ?;;;;;;
se voc?s rezarem pra �gua n?o estar gelada eu do um pouco do meu brigadeiro;;;;;;
@JennyCKeyworth tots didn't know oooo Jenny's in lurveeeee ? x;;;;;;
@MeganMjpfW  how's you're nice chat haha;;;;;;
I thought you were different... but nope your just like all these other _______ ..... #SMFH.!;;;;;;
The shit you see in Oklahoma http://t.co/Y7eTBFDa;;;;;;
@DellameaAgustin @BaarbiMoreira @bbelenfernandez @Tefi_Milden como llegamos y en que vamos?;;;;;;
 @dardeaux: http://t.co/WYlxX7so  Nice!;;;;;;
@waelalqasm  ???? ???? ??? ???? ???? ?? ??? ^_^;;;;;;
Donde esta mi bebe bonita @Adaluz1209;;;;;;
Got me drinking out the bottle Living for today, ain�t thinking about tomorrow;;;;;;
Deixa eu te contar um segredo? @alinesilverio1, @VanessaCastro_  @ CCBB - Centro Cultural Banco do Brasil http://t.co/qLIq9Qug;;;;;;
Awwwww la quiero mucho #camila;;;;;;
renk uyumunu seviorum!ayrica nizami olana zaafim var!1yere girince duvardaki herhangi birsey yamuksa bittik! HIHI selam ben kontrol hastasi!;;;;;;
Tidur;;;;;;
m�j 3 letni kuzyn zasn�� u mnie w pokoju a  m�j kot od razu wskoczy� na ��ko i si� do niego przytuli� &lt;33 #S�odko &lt;3;;;;
http://t.co/MyDYYWX6;;;;;;
Walking the cold wet streets in a skirt love me x;;;;;;
Sto buttando gi? il cielo per un cazzo di occhio. Vaffanculo congiuntivite di merda.;;;;;;
@ikheetkimmx haha  liever niet;;;;;;
??? ????? ?? ????? ??? ????? ! ????? ???? ????? ?? ?????  ?? ???? ?? ?????? ??? ??????? ?? ???? ?????? ??? ?????�;;;;;;
Como andaaaan?;;;;;;
@Jimmydan Watching football mainly, just seen Beerschot 1-4 Anderlecht. Fans in good spirits despite loss.;;;;;;
Been diagnosed with a rare condition that makes me think I'm an airport building. Hope it's not terminal.;;;;;;
Nigga ma son bigger then you, get cha weight up;;;;;;
I'm at Gokdeniz Sitesi w/ @ymktamer http://t.co/eFcK8sDD;;;;;;
:O CTM LOS MEDIOS NEGRITOS QUE ME ENCONTRE EN LA CALLE VALPARAISO  :). . . . QUEDE EN SHOK! JAJAJAJAJA . . . FOTO!! http://t.co/nzKwF4lO;;;;;;
@rebeccalynn_xo I went 3 weeks without being drunk. I thought that was pretty good;;;;;;
@3Fany me parece correcto;;;;;;
Ready to shave this tache methinks. Needs a trim!!! #movember;;;;;;
@hesham_m_2011 ????? ?? ???? ??;;;;;;
@EfsunE Yicem &lt;3 dhgdsfgsd :D;;;;;
@brunodobem Bom Show amor! bjs..;;;;;;
@justinbieber  follow me for tacos ? ;);;;;;
Ben b�yle de?ildim.. http://t.co/UyriKtNk;;;;;;
#GoBlue;;;;;;
@mackmaine 006;;;;;;
: Adaml?k; her g�n ba�ka kad?n? ba�tan �?karmak de?il, her g�n ayn? kad?na a�?k olmakt?r.�;;;;;
 ?????? ????????);;;;;;
shit gets real when a guy says your name in a text...;;;;;;
@lynneandree lol of you say so;;;;;;
Lincoln i am back in you. i can see why you are wet ;));;;;;
@ARodTaughtHer what you mean lol btw it was nice seeing you;;;;;;
@evgeshastyles ? ?????? ??? ?????? ????????????????????? *??*;;;;;;
I'm at Walmart Supercenter (North Bergen, NJ) w/ 2 others http://t.co/PLs415Bf;;;;;;
I was closer to picking up those two rushers than any OSU blockers were.;;;;;;
@laurencav2011: I shall wall these streets alone there ain't nothin' right, nothin' wrong. Little wet tears on my baby's shoulder.;;;;;;
@ba_lightyear =[ facebook ativo para adc?;;;;;;
Sii! Que ropa para la Navidad ni que nada yo solo quiero que 1D? venga a Colombia #ColombiaNeedTakeMeHomeTour2013?!;;;;;;
I'm at C W Thomas Park (Dania, FL) http://t.co/P1jy3ykl;;;;;;
@redneck_proud makes u happy?;;;;;;
im wide awake;;;;;;
I'm at Koh Samiu Adalari http://t.co/mfEvWmGp;;;;;;
@naoufelgstar il y est d�j?;;;;;;
Pues nada aqu� seguimos ..;;;;;;
ouhhh. pemandangan KL :);;;;;;
@Tamaxan jajajaja cortala;;;;;;
RT @itsflaviagt: @karinaboechat @ramonssilveira @_leoMachado ramon � chato d+ pqp;;;;;;
Cleanin my car &amp; I find our scorecard from last Easter where I beat him in mini golf and made him Tebow.  Instantly started laughing. Ily ?;;;;;
@BIGDADDY_Kakias hahaha I never said stab! I said I will cut you geeeeeez get it right :P;;;;;;
@_6042874655572 ?? ????? ????? ???????;;;;;;
I'm at Buzz 35 (?zmir, Turkey) w/ 10 others http://t.co/jZBkX71z;;;;;;
@falcon_android awesome job!;;;;;;
22222222 YOU ARE SO BEAUTIFUL! YOUR EYES ARE SERIOUSLY PERFECT AND YOUR HAIR IS PERFECT AND YOU ARE PERFECT! NIALL!;;;;;;
Lesbians all look the same;;;;;;
@litertatrix hello Ms Angela, hope you�re having a good holiday weekend! :);;;;;;
Sqn;;;;;;
@paula_fraistey yo en 31 dias voy a montanchez ;);;;;;
@gokhanhocam 5 seneye kalmaz geliyorum hocam :D;;;;;;
I'm at Panificadora P?o &amp; cia http://t.co/DbAoPTxN;;;;;
My Mama Didn't Give Me All My $$$$$ Back&lt;&lt;&lt;&lt;&lt;&lt;Fuckery !
@hirsty9 keep Lines yes;;;;;;
@OnlyYasmin hmm. 2 uur ofzo?;;;;;;
What I do.   Laying on my bed on my phone.   #alldaylong;;;;;;
@Yanis_Hii je fais que 95 kiloS voyons !;;;;;;
@farisf9 ??? ??????? ????? ????? ????? ?????? ?? ????? ???? ????? ?? ??? ???? ????;;;;;;
I'm at Umut Ocakba�? (?stanbul, T�rkiye) w/ 10 others http://t.co/0BCNsUvN;;;;;;
Already want to go back to Winona. #nodrama;;;;;;
Nada @JanireTururu y @Alaiusniniapez  me han dejado sol�sima en el royal ahora me aburro a�n m�s!!!! Jajajajjajaja;;;;;;
@JuhHjacomini_ @bibs_tofani isso veeeemk;;;;;;
This is Arsenal's third goalless draw in the PL this season, the most alongside Stoke City. #AFC #Arsenal #AVFCvAFC;;;;;;
Van de teveel betaalde btw nu nr de 'gratis' verrassingsvoorstelling 'gratis rijkdom' ;-) @Zaantheater #MondoLeone;;;;;
�@HeartCapricorn: #Capricorn's are calm &amp; in control of our emotions.... On the outside at least.�;;;;;
@khunbenzFZ ??????????????  TT TT;;;;;;
vou nem falar nada;;;;;;
@Anaihk_ wat skool you went to;;;;;;
 Il signor Lunastorta porge i suoi ossequi al professor Piton e lo prega di tenere il suo naso mostruosamente lungo lontano dagli affari --;;;;;;
La neta el malaga juega muy perro, es el leon de espa?a jajaja;;;;;;
Woman in Black time! (@ Everyman Theatre, Cheltenham) [pic]: http://t.co/Sksj58eH;;;;;;
@OliviarSpencer WHAT;;;;;;
J'aime pas Booba et alors?;;;;;;
@JennelGarcia want. your. CD. NOW;;;;;;
RT sending get well *hugs* to u :)  @ChristineParini: @yayayarndiva @GregMichaelLoon @urbanrezlife Rapid healing to you! ;;;;;;
Eski gunlerdeki gibi :) (@ Aspendos Pastanesi) http://t.co/8g5CBb72;;;;;;
My plan is to marry someone with the same last initial as me, so everything I have monogrammed, I don't have to change ??;;;;;;
@FionaForbes noop not Winston! Thank goodness he found his owner!!;;;;;;
Kids in high school tweeting about waking up to next to someone... SMH I'm pretty sure that's illegal?????;;;;;;
Seeing a lot of neon footwear I this mall;;;;;;
@justinbieber PLEASE NOTICE ME I LOVE YOU JUSTIN !!!;;;;;;
Se�?o de fotos no banheiro � sucesso #friend #friendship #bruna #instapic #instagood #ni @ Shopping Iguatemi http://t.co/U0VhNqwz;;;;;;
I've never been ice skating before;;;;;;
I'm at KA'hve Caferest Ata�ehir w/ @serdaragrali http://t.co/XvaEYBH1;;;;;;
@maalinbberglund du ska v�l inte s�ga n?got? ;);;;;;
@jordrfc just text me, too tired to speak X;;;;;;
Seni Sevmelerim Biter'se ,S�zler'in Yoluma Duvar Olsun , Bir G�n Senden Vazge�er'sem Ad?n'da Dudaklar'?ma Yalan Olsun;;;;;;
Hot. Cold. Hot. Cold. Cant decide what T'F I am.;;;;;;
@Moonrise_Kingdo ??????? ??? ?????????));;;;;;
minah irma vai no cinema;;;;;;
Rose from the sewer funny how I'm the shit now;;;;;;
I Wouldn't Even Be Tripping If This Shit Was Old , She Talking Bout Recently !!  #TurnUpTime!!!;;;;;;
Notre Dame bout to seal their trip to the national championship tonight! #GoIrish #1;;;;;;
@pablomm13 cual peli estas viendo For Faley !!!! Jajajajajja q fuerte cuantas veces la hemos visto...;;;;;;
Just remembered, had KFC for lunch. So goooooooooooooood!!!!!!!!!!!;;;;;;
Lo lo lo lo lo love meeeeeee;;;;;;
Medo de perder quem ainda nem � seu.;;;;;;
@unbrokenforBTR KKKKKKKKK eu ainda fico imaginando a primeira vez dele KKKKKKKKK;;;;;;
galau beeeuuuttt niiii....!!!!;;;;;;
@LigTV  YAKALA P?TBULL;;;;;;
With Theresse :) (@ Kahve D�nyas?) http://t.co/zfvTENQS;;;;;;
Sintam a indireta ok meus lindos;;;;;;
@pingugizem :) Sen sahneye gel. :);;;;;;
@2Prime1Time awh :( sorry to hear that. Hope you feel better!;;;;;;
Need to stop all this ranting, I'm off work for 8 days now #goodtimes;;;;;;
Lasiest day ever @Adrian_Troop;;;;;;
Kalecisi gol atar orta sahas? penalt? tutar nas?l bir tak?ms?n sen GALATASRAY !!;;;;;;
assistindo a ERA DO GELO 4 *-*;;;;;;
Just because your old doesn't mean you have to be rude! #FloridaRetirees SMDH;;;;;;
Puedo ser el maa bueno y el mas malo de los hombres en cuestion de segudos y eso.... me parefe totalmente acertado :);;;;;;
So sorry to miss #ipda12  With daughter at European Tae Kwon Do Cham/ships 2day Silver in Sparring #proud @suziical Will look at tweets now;;;;;;
@AbbyLee2242 �@JoelOsteen: Declare today,  In spite of the pain, in spite of the adversity, I'm still in the game. �;;;;;;
Not everything is about your stupid ass.;;;;;;
http://t.co/4wrveUpO :);;;;;;
es para el rebi;;;;;;
Defense is stepping up, Offense needs to step it up. #BeatOhio;;;;;;
@LmMolloko ? ? ?????? ???? ????? ??????????);;;;;;
?? ???? ????? ????? .;;;;;;
�@SoyTanBipolar: Aprend� de mi novio que mi ex la ten�a chiquita.� JAJAJAJAJAJA @lisalimaC :x;;;;;;
Food truck time with @mkverran http://t.co/5YRGa12n;;;;;;
I'm at ???SA (??) (????, ???) w/ 3 others [pic]: http://t.co/9zwL8kk5;;;;;;
@aitanatelodigo ESTUDIAR Jajajajaquerarojajajajaja muy mala esperiencia pri , muy mala...;;;;;;
im cashing 565 for them 11's , mine , harmonys AND robbys . #FuckIt !;;;;;;
#safc Sinana video yap?cammm bomba gibi s�perr sizce hangi sark?yla yap??ym �ylesine veya hersey g�zel olacak bana sark?s�yleyin kararszm:D;;;;;;
We need a reality tv show for rochester... #realworldRochester lmao;;;;;;
Samsunda yordun beni G. delibalta... :);;;;;;
At work on my day off;;;;;;
SANGUE SanGuE SAngue SanGUE;;;;;;
@emlgny @herolion84 @sugarbowlll @samireynulla @_VlknKurt napsak bilemedim :(;;;;;;
5 minuten en dan gone;;;;;;
Ready to watch @_BONEHEAD_tez_ do work tonight. Hard to believe I played HS ball against him just 2 years ago #DAWGS #Tech;;;;;;
#isimverememama  O  desem, siz anlars?n?z beni.;;;;;;
@shantizzleee where you going tonight m8?;;;;;;
@DecKeano got a cheeky favourite of your mum ;);;;;;
El amor es un juego de probabilidades.;;;;;;
@ZaynsMirror23xo nooo it isnt trust me baby:)rain is boring u just can not glt outside to play or something &amp; ok im packing my stuff hbu??;);;;;
i wonder what my husband will look like;;;;;;
Love is Not Constantly Wondering if You&amp;#39;re Making the Biggest Mistake of Your Life (Book) http://t.co/hiJllNtm;;;;
@xcharliebuckley I know nice seeing you xxxx;;;;;;
@justinbieber since you're awesome pleaseeeee follow @jbieberteam ? PLEASE :3;;;;;;
Gente, como esse mundo � pequeno '-' noooooossa hahahaha;;;;;;
Boa tarde;;;;;;
Hoje a aula foi muito divertida, meu deus;;;;;;
All the pikey mums out is force tonight: fat sure, puka lip sue and our sue;;;;;;
@Dylaan_Morada c'est tes potos aha;;;;;;
Tower Heist is the funniest movie yo! lol;;;;;;
Gracias m�sica por existir!!!! #music #dj #dance #life #home #freedom #tought #peace  @ Pla�a de Sant Agust� http://t.co/QrNfADV9;;;;;;
Con @laiabartoll @PabloMarcoCarre y @Seeergi7 en el #maseet :);;;;;;
@shirazkhaliifa I sense sarcasm;;;;;;
OLVIDAR ES DIFICIL PARA QUI�N TIENE CORAZ�N. ...  Nunca se olvidan a las personas que UN DIA LO FUERON TODO PARA T�. JAM�S-;;;;;;
@ruredaktor ?????? ???????????? ??????????? ??? ? ??? ???????? ????????- ??????? ???????;;;;;;
@SezerrSezer Annemler bugn doktora gttiler. :D 2ayl?km?�� :D ? 2.11 cm m� :') ?;;;;;;
@justinbieber it's so depressing when Justin notices EVERYONE but me #notcool;;;;;;
@milliehapps being a princess http://t.co/XvUPOGYA;;;;;;
R?dvan Dilmen: Volkan daha iyi #Elaz??PanteriFelipeMELO :);;;;;;
May he rest in peace.;;;;;;
No me gusta la gente mentirosa, as� como t�, por ejemplo.;;;;;;
Hope you don't take that the wrong way.... Hahaha oops;;;;;;
@justinbieber today is my birthday can i have a you follow? please i love u. xx10;;;;;;
Na that Thiopia is just soooooo DENSEEEEEEEEEEEEE #TakeMeOut;;;;;;
@AKurshina ???)));;;;;;
Words of advice: Never advise. B'coz intelligent don't need it and fools don't take it.;;;;;;
@leydihilo leydisin, yak?�maz kanki benim gibi de?ilsin sen c?k c?k c?kkkk;;;;;;
@GhaidAziz ???? ????? ?????? ??????.;;;;;;
@Jes__Marie I followed your link and did it once;;;;;;
No pens� q un anillo me podia ser tan feliz jajjajaaajjajj;;;;;;
ile �zde (@ Kahverengi Caf� w/ 2 others) http://t.co/k3CwriCj;;;;;;
Delicioso!  @ Restaurant Puerto Calbuco http://t.co/pKSQLLuV;;;;;;
@CrystalHarris  sa d�pend de ce qui ya a diner a table;;;;;;
@10_Cristian__10 and then it's Monday :o;;;;;;
Relajada :-);;;;;;
#mywork #photografer #??????????????? #kids #little #girl #baby #pic #photo #pho @ ????c?????  LEONA STAGE  http://t.co/YLF64PyO;;;;;;
ohhh why can't the weather be nice i want to go out;;;;;;
@Shafwow_87 Hey did shay send you all the photos from last night?;;;;;;
@3esh_bdnetk ???????;;;;;;
SO incredibly happy I woke up at 7am to only work for 45 min! Stupid.;;;;;;
2012 Iron Bowl!! Last one as an undergrad... Maybe! Can I take another victory lap Mom &amp; Dad? #RollTide;;;;;
@mozgan10 #dershanemiseviyorum bir firincidan beklenmeyen bi atak;;;;;;
@bethyj101 what the hell is a meff?;;;;;;
@_LittleBobo_ Para desafios de plata o bronce;;;;;;
@KidrauhlOreo @justinbieber FOLLOW HER ALREADY;;;;;;
@tocosono esse  � ;;;;;;
@PlatonicLove1D_ noo;;;;;;
???????? ???? ?? ??????????????? ?????????, ?????? ??? ? ?????? ?? ???? ?????? ? ????? 6 ???? ? ??????, ? ?? ???????????? ?????? ???? ??????;;;;;;
@mohmd_alhodaif ????? ????  ???? ??? ?????;;;;;;
