The registers are the other way;;;;;
Tror stadig han vil v?re der, n?r jeg kommer tilbage....  Han har v?ret der i 4 ?r... Men stadig.;;;;;
@credondocr #quelindosermanudo;;;;;
They're Beast AF #MhsWrestling;;;;;
@buguarnieri pq vc nao vai ficar de exame em portugues,que invejaaaa mano;;;;;
@_istanbol Aynen ï¿½yle muhabbet ederim seviyorum.onu;;;;;
With Domenique (@ Imbari?) http://t.co/hb2L0G6C;;;;;
Food and movies? Ah ????? #perfsunday;;;;;
Kaya udah ada aja calonnya lalala~ ï¿½@toleeeee: Biar cepet lulus trus nikah ~ RT @GhinaDewantoro: masih aja RT @tulisandika;;;;;
@busrasri cok calisiyoruz biz yaa :D (@ 19 Mayis Kiz Yurdu Etut Odasi) http://t.co/STozS2L1;;;;;
Finally at the gate http://t.co/Pr3ONtLb;;;;;
@ashypashy9 YES! Can I come? Lol;;;;;
How do you this.;;;;;
Go Brandon! (@ San Diego Surf Cup w/ @daddyelmo) http://t.co/37JYrd7m;;;;;
@xstratusphere y what wrong;;;;;
gracias por invitar hijas de puta;;;;;
@Rudriguo   um Google na cabeï¿½a um anti-vï¿½rus no coraï¿½?o  E um pendrive no Toba.;;;;;
Some relationships are like Tom &amp; Jerry. They tease each other, knock down each other, irritate each other but can't live without each other;;;;
@hmtasc @berilkucukdilek @AhmetEmreErgen Saol Beril sen keslan kendini do?ru dï¿½rï¿½st ifade et sonra baï¿½kalar? hakk?nda yorum yapp...;;;;;
@AgusTinista4Evr jaja yo no te lo copie todo bien pero cmo es yo lo tengo hace ya 2 meses jajaja pero igual si tu quieres lo cambio;;;;;
It a beautiful day in Tallahassee. Ready to see my Noles win!! (@ Doak Campbell Stadium for Gators vs Seminoles) http://t.co/DufBUV7t;;;;;
 Y puse tus recuerdos a remojo, y flotan porque el agua estï¿½ salada, salada porque brotan de mis ojos lï¿½grimas desordenadas. ;;;;;
????????;;;;;
@PeloDu34 Moh avec 5 paires de chaussettes de ski ï¿½a devrais ?tre bon! :P;;;;;
@Southy03091991 hahaha my bills are high enough as they are thank u :);;;;;
I'm driving by myself tho;;;;;
Despensa!!! Espero me compren mis six de pacifico yomi =D (@ Walmart) http://t.co/L8YFwKzf;;;;;
#friends #love #instaday #instalove @bcarrijo_ @paam_bomtempo @sofiasoares_  @ casa da Soso http://t.co/l7Z0pi6t;;;;;
@ImOrlando_ dangggg you can use mine !;;;;;
??????-??? ??? ???????! ??????? ??????, ??? ???????!;;;;;
Today is a perfect day to tell you that you are a #UTURNKHAN. Happy Birthday! Wishing you all the #UTURNS today #HappyBirthdayToImranKhan;;;;;
allah?m baz? insanlar o kadar salak ki anlatamam dï¿½nyan?n ï¿½o?u onlardan ibaret olsa gerek..;;;;;
?? ??????? ??????? : ?? ???? ????? ???? ????? ????? ?????? : ???? ???? ?? ?? ???? ????? ??. ;;;;;
@Tansuuilker ?nanarak sevdik (:;;;;;
@_CarlFredo FB FB FB FB;;;;;
@mac_mm jaja sobie caï¿½y czas robiï¿½ :D Sprawdz Subway Surfer i Train Crisis;;;;;
Siz Almanya'da Atatï¿½rk kuklas? yak?p zalime koz verirken dershaneler cuntac?lar? tasfiye edecek kadrolar yetiï¿½tiriyordu #dershanemiseviyorum;;;;;
There's a cop around us, let's go 5 mph under the speed limit!! #idiots;;;;;
@DeformedSanity never!;;;;;
Watching jumanji.. When Alan runs away from home he packs peanut butter and a loaf of bread.. Where does he think he's going?!;;;;;
Ete halen voor me bigi baby, nar huis, kapper, uitruste &amp; dan bowlennnnnnnnnnnnnnn;;;;
@OriginalMatty_M  I need 20;;;;;
@EASPORTSFIFA When are you going to fix your servers ? They are really poor.;;;;;
@aalvaroguti y este?? http://t.co/R8HTx09i;;;;;
@Drewleslie08 the one that likes the tanning bed;;;;;
@chelseyyross @shotofbrandii I'm in rising sun at my aunt and uncles, I don't have a car;;;;;
You can either be Opie here or Shelby down at someoneï¿½s cell block! Lol;;;;;
@Juanxutalyfan_  Yo en mi instituto,para navidad voi a cantar con instrumentos y todo una cancion de nuestra @NataliaOficial_ !!Que nervios!;;;;;
@hammertime_5 @meganmalaker #go #green Pls: RT :  I just started a petition on the White House Petitions site, (cont) http://t.co/9C2ZicaY;;;;;
ï¿½@eemmabjorn: Ikvï¿½ll ska jag bli full, fï¿½r kï¿½rlekens skullï¿½ utg?ng?;;;;;
Best way to end a fight quickly. Just be like wait! ? ok ????;;;;;
The hope is big that you will follow me or retweet! Since I could wait long!. But I hope you know, I love you&lt;3 thanks @justinbieber;;;;
En el campo del malaga faltan las patatas, vaya patatal!!!! Impropio de un equipo champions!!!!;;;;;
On the #train @capetown http://t.co/pX5woYPs;;;;;
PUUUUUUUUUUUUUUTA QUE PARIU '-';;;;;
@SamuelTsui's cover to Somebody that I used to know, is way too amazing. I would rather listen to his version than the original!;;;;;
ï¿½@CillyBonway: @Dylan_James_    Remember this gem hahah http://t.co/w5lpbSsVï¿½ @danieltosh Let's not ignore this any longer.;;;;;
@Gladkkiy ????????;;;;;
Yay Pooh!! Y'all rock!!@PetsAliveWest: Pooh, was found in a dumpster at 12 wks old in 2000 He has spent his entire life in a shelter....;;;;;
What Mfs On Tonight?;;;;;
@BrianWCollins Terror Tract is pretty great.;;;;;
Gracias por permitir que todo me saliera bien ?;;;;;
??? ????? ????? ???????? ?? ????????? ? ???????? ???? ??? ?????????;;;;;
@Galkain3 ya sabes yo iria... Pero mis paps no dejarme por las notas...;;;;;
Its a party tonight ?;;;;;
@Auttie420 mine is too!;;;;;
So.. You liked my instagram photo yet don't follow me?? #stalker;;;;;
@7la_alturk1 ??? ??????? ??????? ??????? ï¿½?ï¿½~;;;;;
Life  is too short to stay single, go out, snatch sum1z bf 2day nd dnt luk bck. Cum close ï¿½? mine ??? u'll knw whether Acid is real or not;;;;;
There isnï¿½t a moment of my day that isnï¿½t spent wondering where you are, what youï¿½re doing, how youï¿½re feeling.;;;;;
Quand le site #yoopies fait des caprices #babysiting #bug;;;;;
#bencedersaneler neden dershanelerimiz kapat?lacak e?itim anayasal hak de?ilmidir;;;;;
@KarenMbugua just got home. Knackered but the tour was actually value adding!! How are you girls? After recovery leo whats the plan?;;;;;
#benimdershanem femim dershanem:-);;;;;
 @RedHotSteven: God, you're awesome!  thanks i know i am;;;;;
Someone come round and do my never ending amount of homework pls?;;;;;
???????? ???????????? ? ??????  ? ???? ????? ? ???? ?????,? ???? ????????? ????? ????? ??? ???? ? ???????,??????????????????????????????????;;;;;
@megbrady_ right we'll see?;;;;;
?????????????????? :);;;;;
@Fans1DNiall Ouui :) Meerci !;;;;;
@QB_205_JET_ ??????;;;;;
@belinhakoon me responde no Whats;;;;;
@JimmyProteested follow me?????;));;;;
@BarbaraMarquez nos tomaremos una piscola en tu honor allï¿½ con @ManuLizana jajaja;;;;;
?????????????? ?????????????????????????? ??????????????????? ????????? ??????????????????????;;;;;
Awkwardly sitting at apple #bored #fixmyphone;;;;;
The Acura TSX was rear ended?! #upsetmother #uhoh;;;;;
@KSlayZZEm lol I thought it was fun;;;;;
Imagine if Blues could  defend #bcfc;;;;;
la realt? italiana... Che vergogna...  http://t.co/pdw3ddEz;;;;;
@justinbieber i love you so much Follow me Please 76;;;;;
@justinbieber You are an example of history and life for me, his career so far, I'm proud to be Boylieber, follow me? +6;;;;;
? ?????????? ?? ?????? ???????? ?????????. ? ? ??????? ??? ????????? ???????. ??. ??? ?? ????? ??? ??????. (@ ?? ????) http://t.co/10ex2YRv;;;;;
I'm at McDonald's (Villahermosa, TAB) http://t.co/81Cqzuaz;;;;;
@MaGnaTaaaa kkkkkkkk to curioza paa vee man kkkkk;;;;;
#true @ Las Vistas at Doral http://t.co/3wcZuoxx;;;;;
?? ???? ?????? ?? ???? .. ??? ?????? ?? ?????? ?????? ??????  );;;;;
I probably sound like a love sick fool.. Truth is I am;;;;;
iï¿½elim.. (@ WestMix w/ 20 others) http://t.co/EngdfmNN;;;;;
#NÉV?; I am not going no where;;;;
@Axfer_30 ;) http://t.co/zYNd2PYt;;;;
Following back @CodySt_Boy;;;;;
Preparando el Conama 2012 (@ Campo de las Naciones) http://t.co/zmxUCU4z;;;;;
@DeetheREAL_ watch your moutj;;;;;
@SimSullen hab die letztes Jahr noch in Frankfurt auf der Nacht der Museen gesehen. War toll und laut. #Mom;;;;;
@take_me_out ?????.;;;;;
Anyone Florida fans want to bet me tonight??;;;;;
Bref, je veux absolument changer de PP quand mon iPod beugue. #VDM;;;;;
Cabro culiao, me tiene llorando, nunca me va a notar, ya sï¿½, y no quiero resignarme, pero ni esperanzas tengo ahora.;;;;;
Con la gente y da club @iviifuentes @Laauris2L @angiemorales21 @marina_medranoo;;;;;
Can I cry because I'm having a conversation with Chris Batten?;;;;;
Cï¿½mo estarï¿½ de mal el cï¿½sped de la Rosaleda que hay un conejo corriendo de un lado para otro.;;;;;
@Katerina_Hx @addiej27 ah!! :( bf had his license revoked, hasnï¿½t applied for it since! :(;;;;;
I'm at McDonaldï¿½s (Petaling Jaya, Selangor) http://t.co/8wnx13sJ;;;;;
Ahhhhhh. So happy @ Pacific Beach http://t.co/SsUnBQy6;;;;;
@LittleeLeeLee lmao no leroy. And how are the sweet deals at tj max by the way? I have to go there soon;;;;;
Ending #overfishing http://t.co/XKlQKeRQ;;;;;
Yes die laurrhie is er uit;;;;;
@GardeyhIkin sbb sy stdy situ..jumpe la sy..huhu;;;;;
Looking good has its benefits ha I love when people give me free stuff;;;;;
I'm at Escuela Tecnica Superior de Arquitectura ULPGC http://t.co/wRUbJfWU;;;;;
@colinhyde25 will do xx;;;;;
@imslimshadyx hahaha daar leef ik voor lool jou focken.;;;;;
Race ya!  @ Sprucefield http://t.co/A5hNdlSf;;;;;
Hoy me he dado cuenta que no habï¿½a sentido tanto miedo antes, que yo no decido, que Dios lo hace mejor...;;;;;
@juju9177 bon anniversaire cousin;;;;;
@josepooh la dolcezza &lt;3;;;;
  You're a very serious person, aren't you? ;;;;;
This Arsenal team know how to grind my gears...smh;;;;;
@IBZY_Otb  When u r going back to the US?!;;;;;
@__MAGnificennt bored right now ?;;;;;
Bison burger @ Hell's Kitchen http://t.co/8lrKWAAO;;;;;
@Reid_Penney I'll take ducks you get spread. 10 washingtons;;;;;
I miss you !!@TwatchMe_Hoe;;;;;
@MonkeyDLucky ho bah si, ou un MonkeyD aussi :);;;;;
@sophienataliee kippp kom vechten jy verliest;;;;;
@mathildehaffner Non tg!;;;;;
Poor gator fans are confused @ Dick Howser Stadium - Mike Martin Field http://t.co/sJkslFe9;;;;;
@Fatiimbaouais mdr c toi bï¿½tarade ! Mdrrr comment c't bien 0;;;;;
I'm at Patio de Comidas Nuevo Super 2 http://t.co/3FAw4sOw;;;;;
Its retarded how my moms HHR has a sub.. And it kicks ass.. I dont get it;;;;;
Ou les gens qui mettent des photo et qui dise ''mon fils'' ou ''ma fille'' &lt;&lt;&lt;&lt;&lt;&lt
@katie_wanek I don't think of it as greed, more just people trying to save money &amp; get deals.  Some people indeed are greedy though.;;;;
Drop it like someone with Parkinson's carrying groceries;;;;;
When I get my own place that shit is going to be hella cute hot pink n shit lol;;;;;
@fattygurl03 @got_datactright lmao r y'all serious!!! These damn ratchet hoes!!;;;;;
Woop, out next Saturday for my birthday ;-) x x;;;;
i miss te times we used to hang out.shoppin,eatin,laughin,chattin endlessly,makin fun wif each otha.guess am not numb as i thought i cud be.;;;;;
#benimdershanem birkiï¿½inin dahi da?a ï¿½?kmas?n? engelliyorsa,birintihar bombac?na anne ben geldim diyerek eyleminden vazgeï¿½iriyorsa iyiki var;;;;;
@Jiybekk nopee. dia xdaaaa .;;;;;
Guys stating @ us at a red light &amp; my momma rolls down the windows.... Ass hole lol;;;;
@kenzieraible I know! Haha;;;;;
Update: villa played with 9 in defence. They're are home .. Surely they can give us a better game? #avfc #Arsenal;;;;;
 Yo sï¿½ quiï¿½n soy y estoy feliz de lo que soy; me puedes juzgar, pero la verdad es que no me importa ni una mierda!! ;;;;
#explicitcontent RT @JennyDevereaux: Just got ID 'ed for buying a CD #whatthehell;;;;;
Someone get this thirsty ass slut off my TL;;;;;
Just posted a photo @ ???????-????  ???????  http://t.co/k1AiHiSq;;;;;
No supo que decirme y solo me abrazo...;;;;;
@JJParent how was the food?;;;;;
March has to hurry I want to see my baby Adam Levine &amp; the rest I maroon 5 in concert ??;;;;
More green chile! (@ Apple Ridge CAFE) http://t.co/Xr16uViZ;;;;;
I'm at Penzeys Spices (Minneapolis, MN) http://t.co/quyaJ0fo;;;;;
@DAmuslera25 @feyzaduman1905 off;;;;;
AL AIRE @mhonividente EN @SabadazoOficial X @Canal_Estrellas #mhoniensabadazo / @l0be;;;;;
Plan, get Ben to come to mine earlier and stop off at the shop and purchase some chocolate.. Yeah!!;;;;;
Zo ik hou van holland. Nu is die man van de dino show die het presenteert (en ook judeska speelt) er als gast;;;;;
Limbisa ngay &gt;&gt;. Liguikaga PtdR cette franï¿½aise me tue .;;;
Last time I take that shortcut!!.. Shopping trip tomorrow after football I think! @ Matt's Crib http://t.co/bwMO9wdE;;;;;
E o sono;;;;;
@jon_prez ? #iloveyou. http://t.co/OHb7ZnwZ;;;;;
??????????????????? omfg turtle emoji;;;;;
Last resort before end of year! (@ d A&amp;A Residence) http://t.co/p4YV5nhC;;;;
Good afternoon @DarciRichelle;;;;;
We both single like a couple dollars *wayne voice*;;;;;
Me re persigo uando camino sola;;;;;
@JaySantee JOHNNNNNNNNY :);;;;;
I'm at Celon's Beer Cafe (?stanbul) w/ 4 others http://t.co/8yBO0ZGk;;;;;
cruuu cpa era msm uma open hj ipa esqecer dos problemas hihi;;;;;
@leopeloggia vamo no fut suave seu cuzao;;;;;
mutlu falan de?ilim;;;;;
if i listen to your whole personal life about u and a guy, i expect you atleast to be interested 60% about mine too! smh;;;;;
@IraahShahirah semua orang ada..  Tron jerh..  Anitink kau tweet aku jerh..  Sbb aku da tukar number;;;;;
I'm at Yamato Japanese Steakhouse (Manchester, TN) http://t.co/tC7THvjR;;;;;
@Simply_Asiab fake ass lol .;;;;;
Dormi mucho xd;;;;;
#benimdershanem kapat?lirsa Polonyadaki gibi  sirran tenevveret adam yetistirir.;;;;;
